Workbook

Sheet Assumptions
A1: Chef Abbys × Côte d'Ivoire — budget assumptions (edit blue cells)
A2: Assumption | B2: Value | C2: Note
A3: Tour party (people) | B3: 6 | C3: Chef Abbys + manager + 2 camera + photo + assistant — CONFIRM
A4: Hotel nights | B4: 3 | C4: Nights of 19, 20, 21 Oct; depart 22 Oct to Monrovia
A5: Programme days | B5: 3 | C5: 19–21 Oct
A6: Vehicle days | B6: 4 | C6: 19 Oct airport pick-up through 22 Oct airport drop
A7: XOF per USD | B7: 565 | C7: Check on the day
A8: XOF per EUR | B8: 655.957 | C8: Fixed peg
A9: Contingency | B9: 0.1 | C9: On ground costs
A10: AToure curation & management fee | B10: 0.15 | C10: PLACEHOLDER — Baba to set

Sheet Budget
A1: Chef Abbys × Côte d'Ivoire · 19–21 Oct 2026 · Ground budget v0.3 (pre-quote estimate)
A2: Section | B2: Line item | C2: Unit cost (XOF) | D2: Qty | E2: Total (XOF) | F2: Total (USD) | G2: Tier | H2: Include? (Y/N) | I2: Funding route | J2: Note
A3: Arrival & stay | B3: VIP airport welcome + fast-track (arrival & departure) | C3: 200000 | D3: 2 | E3: =IF(H3="Y",C3*D3,0) | F3: =E3/Assumptions!$B$7 | G3: Core | H3: Y | I3: In-kind: Ministry of Tourism protocol
A4: Arrival & stay | B4: Hotel 4–5★, single rooms | C4: 150000 | D4: =Assumptions!$B$3*Assumptions!$B$4 | E4: =IF(H4="Y",C4*D4,0) | F4: =E4/Assumptions!$B$7 | G4: Core | H4: Y | I4: In-kind: hotel partner | J4: Rate to quote
A5: Arrival & stay | B5: Per diems — meals outside programme | C5: 25000 | D5: =Assumptions!$B$3*Assumptions!$B$4 | E5: =IF(H5="Y",C5*D5,0) | F5: =E5/Assumptions!$B$7 | G5: Core | H5: Y | I5: Paid
A6: Arrival & stay | B6: Local SIM + data | C6: 15000 | D6: =Assumptions!$B$3 | E6: =IF(H6="Y",C6*D6,0) | F6: =E6/Assumptions!$B$7 | G6: Core | H6: Y | I6: In-kind: telco
A7: Ground transport | B7: Talent SUV with driver, fuel incl. | C7: 100000 | D7: =Assumptions!$B$6 | E7: =IF(H7="Y",C7*D7,0) | F7: =E7/Assumptions!$B$7 | G7: Core | H7: Y | I7: In-kind: mobility partner
A8: Ground transport | B8: Crew minibus with driver, fuel incl. | C8: 110000 | D8: =Assumptions!$B$6 | E8: =IF(H8="Y",C8*D8,0) | F8: =E8/Assumptions!$B$7 | G8: Core | H8: Y | I8: In-kind: mobility partner
A9: Ground transport | B9: Fuel & tolls — cocoa village run | C9: 80000 | D9: 1 | E9: =IF(H9="Y",C9*D9,0) | F9: =E9/Assumptions!$B$7 | G9: Core | H9: Y | I9: Paid
A10: Ground team | B10: Bilingual fixer / on-camera interpreter (FR↔EN) | C10: 80000 | D10: =Assumptions!$B$5 | E10: =IF(H10="Y",C10*D10,0) | F10: =E10/Assumptions!$B$7 | G10: Core | H10: Y | I10: Paid
A11: Ground team | B11: Protocol & security officers (×2) | C11: 50000 | D11: =2*Assumptions!$B$5 | E11: =IF(H11="Y",C11*D11,0) | F11: =E11/Assumptions!$B$7 | G11: Core | H11: Y | I11: Paid
A12: Ground team | B12: Runner / production assistant | C12: 25000 | D12: =Assumptions!$B$5 | E12: =IF(H12="Y",C12*D12,0) | F12: =E12/Assumptions!$B$7 | G12: Core | H12: Y | I12: Paid
A13: Day 1 · Snack time | B13: Goûter ingredients & kit (~40 children) | C13: 250000 | D13: 1 | E13: =IF(H13="Y",C13*D13,0) | F13: =E13/Assumptions!$B$7 | G13: Core | H13: Y | I13: Sponsor | J13: With Fondation Olivia Yacé
A14: Day 1 · Snack time | B14: Burners, gas, aprons, hygiene | C14: 150000 | D14: 1 | E14: =IF(H14="Y",C14*D14,0) | F14: =E14/Assumptions!$B$7 | G14: Core | H14: Y | I14: Paid
A15: Day 1 · Snack time | B15: Child-safeguarding officer + consent forms | C15: 100000 | D15: 1 | E15: =IF(H15="Y",C15*D15,0) | F15: =E15/Assumptions!$B$7 | G15: Core | H15: Y | I15: Paid
A16: Day 1 · Allocodrome | B16: Tables, food & drinks (party + ~6 guests) | C16: 20000 | D16: =Assumptions!$B$3+6 | E16: =IF(H16="Y",C16*D16,0) | F16: =E16/Assumptions!$B$7 | G16: Core | H16: Y | I16: Sponsor
A17: Day 1 · Allocodrome | B17: Jiaan Wu — co-host fee [TBC] | C17: 300000 | D17: 1 | E17: =IF(H17="Y",C17*D17,0) | F17: =E17/Assumptions!$B$7 | G17: Core | H17: Y | I17: Paid / exposure swap
A18: Day 2 · Record day | B18: Zeinab Bancé — appearance fee [TBC] | C18: 500000 | D18: 1 | E18: =IF(H18="Y",C18*D18,0) | F18: =E18/Assumptions!$B$7 | G18: Core | H18: Y | I18: Paid
A19: Day 2 · Record day | B19: Speed duel set: mortars, timer, ingredients | C19: 200000 | D19: 1 | E19: =IF(H19="Y",C19*D19,0) | F19: =E19/Assumptions!$B$7 | G19: Core | H19: Y | I19: Paid
A20: Day 2 · Record day | B20: Relay kitchen — 1,000 plates | C20: 1500 | D20: 1000 | E20: =IF(H20="Y",C20*D20,0) | F20: =E20/Assumptions!$B$7 | G20: Core | H20: Y | I20: Sponsor | J20: Food brand / FMCG
A21: Day 2 · Record day | B21: Relay kitchen — venue, tent, stoves, Treichville | C21: 600000 | D21: 1 | E21: =IF(H21="Y",C21*D21,0) | F21: =E21/Assumptions!$B$7 | G21: Core | H21: Y | I21: In-kind: venue
A22: Day 2 · Record day | B22: Servers & volunteers (×10) | C22: 15000 | D22: 10 | E22: =IF(H22="Y",C22*D22,0) | F22: =E22/Assumptions!$B$7 | G22: Core | H22: Y | I22: Paid
A23: Day 3 · Cocoa & queens | B23: Cocoa village — community contribution & protocol | C23: 300000 | D23: 1 | E23: =IF(H23="Y",C23*D23,0) | F23: =E23/Assumptions!$B$7 | G23: Core | H23: Y | I23: Paid
A24: Day 3 · Cocoa & queens | B24: Bean-to-bar workshop, Axel’s lab | C24: 500000 | D24: 1 | E24: =IF(H24="Y",C24*D24,0) | F24: =E24/Assumptions!$B$7 | G24: Core | H24: Y | I24: In-kind / co-brand
A25: Day 3 · Cocoa & queens | B25: Maison Mandjou atelier | C25: 400000 | D25: 1 | E25: =IF(H25="Y",C25*D25,0) | F25: =E25/Assumptions!$B$7 | G25: Core | H25: Y | I25: In-kind / co-brand
A26: Day 3 · Cocoa & queens | B26: Closing dinner (party + ~10 guests) | C26: 50000 | D26: =Assumptions!$B$3+10 | E26: =IF(H26="Y",C26*D26,0) | F26: =E26/Assumptions!$B$7 | G26: Core | H26: Y | I26: Sponsor | J26: Ministries, partners
A27: Day 3 · Cocoa & queens | B27: Courtesy gifts | C27: 100000 | D27: 1 | E27: =IF(H27="Y",C27*D27,0) | F27: =E27/Assumptions!$B$7 | G27: Core | H27: Y | I27: Paid
A28: Production support | B28: Licensed drone operator + ANAC authorisation | C28: 350000 | D28: 2 | E28: =IF(H28="Y",C28*D28,0) | F28: =E28/Assumptions!$B$7 | G28: Core | H28: Y | I28: Paid | J28: Days 2 & 3
A29: Production support | B29: Welcome kit — pagne, AToure merch | C29: 25000 | D29: =Assumptions!$B$3 | E29: =IF(H29="Y",C29*D29,0) | F29: =E29/Assumptions!$B$7 | G29: Core | H29: Y | I29: Paid
A30: Upgrades | B30: Sponsored term of goûter for the school | C30: 1000000 | D30: 1 | E30: =IF(H30="Y",C30*D30,0) | F30: =E30/Assumptions!$B$7 | G30: Optional | H30: N | I30: Sponsor
A31: Upgrades | B31: Local BTS photographer / videographer | C31: 200000 | D31: =Assumptions!$B$5 | E31: =IF(H31="Y",C31*D31,0) | F31: =E31/Assumptions!$B$7 | G31: Optional | H31: N | I31: Paid
A32: Travel (outside ground) | B32: Flights Accra → Abidjan | C32: 200000 | D32: =Assumptions!$B$3 | E32: =IF(H32="Y",C32*D32,0) | F32: =E32/Assumptions!$B$7 | G32: Travel | H32: N | I32: In-kind: airline
A33: Travel (outside ground) | B33: Flights Abidjan → Monrovia (Air Côte d'Ivoire) | C33: 280000 | D33: =Assumptions!$B$3 | E33: =IF(H33="Y",C33*D33,0) | F33: =E33/Assumptions!$B$7 | G33: Travel | H33: N | I33: In-kind: Air Côte d'Ivoire
A34: Travel (outside ground) | B34: E-visas for non-ECOWAS crew | C34: 50000 | D34: 2 | E34: =IF(H34="Y",C34*D34,0) | F34: =E34/Assumptions!$B$7 | G34: Travel | H34: N | I34: Paid
B36: Ground costs — included lines (excl. travel) | E36: =SUMIFS(E3:E34,G3:G34,"<>Travel") | F36: =E36/Assumptions!$B$7
B37: Contingency | E37: =E36*Assumptions!$B$9 | F37: =E37/Assumptions!$B$7
B38: AToure curation & management fee | E38: =(E36+E37)*Assumptions!$B$10 | F38: =E38/Assumptions!$B$7
B39: TOTAL GROUND PROPOSITION | E39: =E36+E37+E38 | F39: =E39/Assumptions!$B$7
B41: Travel lines included (reference, outside ground total) | E41: =SUMIFS(E3:E34,G3:G34,"Travel") | F41: =E41/Assumptions!$B$7

Sheet Scenarios
A1: Quick scenarios (static snapshot at build time — Budget sheet is the live source)
A2: Scenario | B2: XOF | C2: USD
A3: Core programme | B3: 15325475 | C3: 27125
A4: Core + all upgrades | B4: 17349475 | C4: 30707
A5: Travel lines (if we must fund) | B5: 2980000 | C5: 5274
